,AUC,AP,HSIC,p_value,#0.05,cov_1,delta,k
0,0.9012851003888985,0.8729121319337498,0.02199505,1.4875612753548612e-105,True,0.7885671257972717,0,0
1,0.8632322469352549,0.8407478601126386,0.0021866288,8.561054616793121e-29,True,0.3216969072818756,10,0
2,0.8401841398809828,0.7991117142643746,0.00012910404,0.0018703682364094383,True,0.09019416570663452,100,0
3,0.787902295624126,0.7378857508148311,3.398002e-05,0.1098525820400821,False,0.04960038140416145,200,0
4,0.829415427329053,0.778179324134544,1.6559605e-05,0.3861374761428397,False,0.029633548110723495,500,0
5,0.8534740581204259,0.8269082811489288,8.492734e-06,0.535429619905563,False,0.030656781047582626,1000,0
6,0.8477171350120956,0.8253273664433339,2.6616717e-06,0.8004001763212858,False,0.08998584747314453,2000,0
7,0.8948270584634221,0.8678251550427472,0.024463488,8.176655804515408e-125,True,0.8499098420143127,0,1
8,0.8803020099989798,0.8616816873977174,0.0018916907,8.337054673549203e-23,True,0.3164443373680115,10,1
9,0.8638465462707887,0.8318472469396511,0.00010080397,0.03297166566405147,True,0.13715438544750214,100,1
10,0.8341271298847055,0.8024784168851753,3.4421475e-05,0.3934922494731832,False,0.023630205541849136,200,1
11,0.799124579124579,0.7421303578454019,1.7166763e-05,0.6636732728208503,False,0.01600072905421257,500,1
12,0.8420365268850117,0.8211715068697244,7.6002307e-06,0.7931145308102076,False,0.017591187730431557,1000,1
13,0.8217610447913478,0.7973165775312125,2.4622707e-06,0.8434053595084856,False,0.025551946833729744,2000,1
14,0.9102127659574468,0.890184571848734,0.019484742,2.6260975729258635e-109,True,0.8310003280639648,0,2
15,0.8732639203259394,0.8437718744759548,0.0017812665,7.736484218501266e-22,True,0.412664532661438,10,2
16,0.8536034404708013,0.820542888973125,0.00012281696,0.001197074525990254,True,0.12454088777303696,100,2
17,0.8633861475780897,0.8275233853080963,0.00013446699,5.723638290886462e-05,True,0.45604294538497925,200,2
18,0.8353915799004075,0.8128578542548792,1.7578383e-05,0.1805264684676536,False,0.07809988409280777,500,2
19,0.8498596650067904,0.8117181157408945,5.927301e-06,0.6051121008222116,False,0.028746120631694794,1000,2
20,0.817987777274785,0.7720292233831263,3.4359573e-06,0.5911702600394322,False,0.050514642149209976,2000,2
21,0.8812618046258357,0.8690889548897197,0.027305175,6.873858176806485e-142,True,0.8820429444313049,0,3
22,0.8206553342258646,0.7943460120527522,0.0012155204,2.6493573280874e-16,True,0.22830164432525635,10,3
23,0.8242119355754799,0.7875177625710328,8.449501e-05,0.025069422977553303,True,0.07144945114850998,100,3
24,0.8380596914005977,0.8071842938288374,5.4051987e-05,0.14400528461201217,False,0.05011174455285072,200,3
25,0.821308955513183,0.7850468570050636,1.148956e-05,0.725424908914035,False,0.029494434595108032,500,3
26,0.7899261182558678,0.747248238656473,7.17867e-06,0.5651775061039991,False,0.023519515991210938,1000,3
27,0.8307030711185037,0.8118429596066276,3.7855202e-06,0.7364092304498396,False,0.05690306797623634,2000,3
28,0.8897620464009519,0.886927715038712,0.021511717,1.8010247402123785e-106,True,0.5223120450973511,0,4
29,0.8646579417013682,0.8242086413206021,0.0017313121,7.247277536134602e-30,True,0.2791758179664612,10,4
30,0.8214158239143367,0.7732242766093091,0.00014025363,0.00042295847325953255,True,0.09053897112607956,100,4
31,0.8360737656157049,0.7974341231953341,3.872711e-05,0.11491765504545419,False,0.06166863441467285,200,4
32,0.7829863176680546,0.7359371712418514,6.8400072e-06,0.5213056327654952,False,0.01229411456733942,500,4
33,0.846073765615705,0.8229239894050201,7.3325414e-06,0.34919859836225775,False,0.03540230914950371,1000,4
34,0.8429030339083879,0.8052211863050647,2.4105304e-06,0.5559720518117951,False,0.04330262541770935,2000,4
35,0.9012350045269352,0.8872430796359786,0.0259275,2.4167189907961545e-155,True,0.8680280447006226,0,5
36,0.8817621095518334,0.869013420311616,0.0013548014,2.8076475114109734e-13,True,0.19759289920330048,10,5
37,0.8562415119963783,0.83103352510005,8.748695e-05,0.20777708100457357,False,0.06212552636861801,100,5
38,0.8514174966047985,0.817870429275839,4.5322482e-05,0.5326654688361516,False,0.04845377057790756,200,5
39,0.84616200769579,0.8051392820649452,1.2834428e-05,0.8472217141413136,False,0.0278642401099205,500,5
40,0.8602591670439113,0.8416326569913026,8.328063e-06,0.8998170704514381,False,0.02086864411830902,1000,5
41,0.8435873132639203,0.8157872181456464,5.551338e-06,0.9312438141816094,False,0.020108073949813843,2000,5
42,0.8795265945516968,0.84135895196107,0.025182085,2.579922358920886e-128,True,0.8298978209495544,0,6
43,0.852762394401026,0.8182601410554611,0.0014890034,1.2120670661492553e-15,True,0.2891322672367096,10,6
44,0.8560230951929103,0.8075179815010869,0.0001193364,0.044170373105066774,True,0.05798573046922684,100,6
45,0.8480754964373824,0.8113920342140176,5.3931348e-05,0.29857103929675405,False,0.05439223349094391,200,6
46,0.8364416380564613,0.7924852410295267,1.4536576e-05,0.7153168876447702,False,0.029978742823004723,500,6
47,0.8415713472387558,0.8087669529486208,8.055193e-06,0.8457896826004936,False,0.02633506804704666,1000,6
48,0.8359298172972411,0.8068108714511206,7.422557e-06,0.8047373249791209,False,0.028943518176674843,2000,6
49,0.8935122937194202,0.8660691195923,0.029480135,3.254562589014742e-155,True,0.729081392288208,0,7
50,0.8799931742421789,0.8475301865243382,0.0014946563,2.4013563937541575e-21,True,0.25843095779418945,10,7
51,0.8567296970481539,0.8391707960906782,0.00010500411,0.004559205428233368,True,0.1280900090932846,100,7
52,0.8639467590889969,0.8441071114515344,4.7043897e-05,0.10747178744451065,False,0.03263658657670021,200,7
53,0.8640732709796434,0.8364042585348104,1.50497e-05,0.5012594188025371,False,0.027715051546692848,500,7
54,0.8557940974847671,0.8360506284736199,7.4633176e-06,0.7046827162551645,False,0.024786856025457382,1000,7
55,0.8062514526801396,0.7627225008582005,3.1747095e-06,0.7734496293879276,False,0.0100278090685606,2000,7
56,0.9011595507544582,0.8809050755515531,0.01642639,1.1804867131388673e-97,True,0.7432750463485718,0,8
57,0.8805405521262003,0.8652395206808695,0.0021791933,6.964987259328814e-23,True,0.3296317160129547,10,8
58,0.8453682270233196,0.8340034793225385,8.6341584e-05,0.14192284495489535,False,0.07650308310985565,100,8
59,0.8454271690672153,0.8186866088390445,4.6356483e-05,0.4061471843100366,False,0.06691651046276093,200,8
60,0.8317740483539094,0.7972514140966362,1.0870306e-05,0.8303175259615859,False,0.034177400171756744,500,8
61,0.8636188271604939,0.8310354425523234,5.9151157e-06,0.9396804246972709,False,0.021450456231832504,1000,8
62,0.8141610939643346,0.7971566255572209,1.6021654e-06,0.908504153373183,False,0.018020326271653175,2000,8
63,0.9180284915214656,0.9221596404496691,0.02776781,9.705395137436499e-133,True,0.9317402243614197,0,9
64,0.8988271882707435,0.8875851885332913,0.0016180439,2.6495855679789605e-20,True,0.27352476119995117,10,9
65,0.8632042424000773,0.8439857906016578,0.00010640886,0.008279951673623002,True,0.07781582325696945,100,9
66,0.8670946280779901,0.8544021808802453,4.4914283e-05,0.13196118306164545,False,0.05263761430978775,200,9
67,0.8454554257494546,0.8085437342346043,2.0725376e-05,0.3048462291473531,False,0.05786406248807907,500,9
68,0.8266072761034626,0.8030617687773813,7.3723745e-06,0.5936073377691038,False,0.09739139676094055,1000,9
69,0.8296261698213157,0.8005108955787364,5.0358644e-06,0.6946759023362373,False,0.02274004928767681,2000,9
70,0.878363286225694,0.8734084586861395,0.0212421,2.0836630745742294e-107,True,0.6388523578643799,0,10
71,0.8658126520534382,0.8587384855329279,0.0016485344,1.3970908306100598e-24,True,0.38476595282554626,10,10
72,0.8584174972381361,0.8434792411048899,0.000104437786,0.012637689134707829,True,0.10873547941446304,100,10
73,0.8437660354122272,0.8361040973119993,4.751777e-05,0.1141806538902503,False,0.05166885256767273,200,10
74,0.8383751184733986,0.803218460387283,1.7975311e-05,0.4036795132753981,False,0.1822555512189865,500,10
75,0.8439833624108808,0.8199362924662761,6.9854873e-06,0.6334670554257973,False,0.03815760836005211,1000,10
76,0.8300865082191863,0.7994859535450087,2.5227507e-06,0.828658066861716,False,0.018174724653363228,2000,10
77,0.9068650315717658,0.907993574618739,0.0143487435,1.1619609792366471e-75,True,0.6615103483200073,0,11
78,0.8837866625824105,0.8620819528211355,0.002623946,5.674763501640553e-17,True,0.26015421748161316,10,11
79,0.8615297860638675,0.8511901821867871,0.00013691012,0.09683289792723135,False,0.1166110411286354,100,11
80,0.8447170376146086,0.8308956298010152,4.2828797e-05,0.4018002993128199,False,0.04177291318774223,200,11
81,0.8517066854171162,0.8027924839837712,5.599268e-05,0.25252787890885414,False,0.07249443978071213,500,11
82,0.8394678399621278,0.8038561865126606,4.15947e-06,0.8598533041212508,False,0.012546616606414318,1000,11
83,0.8434291045035888,0.8017615273063254,2.1978342e-06,0.858586973834061,False,0.04553721472620964,2000,11
84,0.8786634349030471,0.847007410121416,0.015899692,1.0950542481027642e-90,True,0.5585784912109375,0,12
85,0.8777008310249308,0.8391148041602008,0.0020863912,2.2407408282617816e-25,True,0.35254791378974915,10,12
86,0.857472299168975,0.8283951107381846,0.00012295798,0.005188944087029425,True,0.12328605353832245,100,12
87,0.8563504155124653,0.8251327901188816,6.254334e-05,0.03919004269545319,True,0.09069530665874481,200,12
88,0.8403808864265928,0.7952274727209376,1.9680007e-05,0.4050547528219758,False,0.04117126762866974,500,12
89,0.8304639889196677,0.8030811603181018,7.966355e-06,0.7063885118065049,False,0.030122317373752594,1000,12
90,0.8569321329639888,0.806596102141486,4.7680646e-06,0.7406558199396029,False,0.04918917268514633,2000,12
91,0.8905062458908615,0.8703778734435692,0.012372087,1.3421556470012711e-71,True,0.4909624457359314,0,13
92,0.8911439842209072,0.8617107992590538,0.002034583,1.2467857178050966e-15,True,0.360720694065094,10,13
93,0.8692044707429324,0.8518254305507882,9.8974466e-05,0.3039097728272759,False,0.08953730762004852,100,13
94,0.8705917159763312,0.8410158136006288,4.448406e-05,0.6035636667580146,False,0.05697348713874817,200,13
95,0.8615318869165023,0.8352903233835269,1.6347629e-05,0.881986173287892,False,0.03275500610470772,500,13
96,0.8671268902038134,0.8464441499705015,7.789898e-06,0.946760592451479,False,0.01910037361085415,1000,13
97,0.847008547008547,0.8354788834800768,4.491114e-06,0.9546502848955561,False,0.019987517967820168,2000,13
98,0.8966197715456051,0.872740398279208,0.014724184,3.646333459918667e-99,True,0.7456517815589905,0,14
99,0.8902557476189848,0.8756444946126009,0.0016719393,8.329890101663587e-23,True,0.25455933809280396,10,14
100,0.8725217444809235,0.8373499488784671,0.000114814095,0.0036328071038656323,True,0.09720359742641449,100,14
101,0.8757389167974191,0.8502541961374769,5.8623504e-05,0.09704902791001954,False,0.08286231011152267,200,14
102,0.8783583631097573,0.8570637678228545,2.7484602e-05,0.3405725986000411,False,0.054723724722862244,500,14
103,0.881786497545368,0.8537814140576961,1.01815285e-05,0.6504113267559735,False,0.042857684195041656,1000,14
104,0.8666939159403857,0.833088107465106,5.520521e-06,0.7756797419865809,False,0.025866445153951645,2000,14
105,0.9034768444971748,0.8820142568677859,0.016459294,6.344135527121179e-101,True,0.6289818286895752,0,15
106,0.8736401295019004,0.8519205241158895,0.0021394857,2.5219160365982693e-21,True,0.3412473201751709,10,15
107,0.8351917392266082,0.8155228662764505,8.4966814e-05,0.12343037948874172,False,0.10278923064470291,100,15
108,0.822769410203302,0.7822439125412783,5.3326596e-05,0.18037423023491228,False,0.06855476647615433,200,15
109,0.8261075026644413,0.7818297259820877,2.1253185e-05,0.5940303271146457,False,0.05935927480459213,500,15
110,0.832120090892638,0.813322290855578,8.835091e-06,0.8231705833845788,False,0.029275095090270042,1000,15
111,0.8053550242313339,0.7657677863236285,2.78279e-06,0.9304187521640042,False,0.014158333651721478,2000,15
112,0.8672945521698985,0.8579214101002909,0.018044077,8.234133630994329e-95,True,0.7936211228370667,0,16
113,0.8508587257617728,0.8473614058028345,0.001653693,9.509399817841564e-20,True,0.3184063732624054,10,16
114,0.8175438596491228,0.8010635957045507,0.000110348294,0.0428303154575039,True,0.10869906842708588,100,16
115,0.8210772545398586,0.8175615936549339,5.2539897e-05,0.2382402300764616,False,0.09137488156557083,200,16
116,0.7853739612188365,0.7672048258034023,1.86847e-05,0.6824859788974814,False,0.051935020834207535,500,16
117,0.76398891966759,0.720807716887576,8.5626125e-06,0.8538280819516688,False,0.020572122186422348,1000,16
118,0.7999507540781778,0.7769233419553598,3.0628416e-06,0.9660722760380795,False,0.017504865303635597,2000,16
119,0.8903918734178872,0.8771735548599089,0.024249637,3.0564877910999834e-126,True,0.8686652183532715,0,17
120,0.8604731784852271,0.8518905207739556,0.0025180208,4.676858213871986e-28,True,0.28272339701652527,10,17
121,0.8426292345026525,0.8153527735871278,0.00011495224,0.054923119172605527,False,0.13762152194976807,100,17
122,0.8465407735428209,0.8190742069792867,5.4581786e-05,0.2308399592293008,False,0.05834037438035011,200,17
123,0.8363432996906089,0.824950139585716,1.7277398e-05,0.6135300413155726,False,0.030747879296541214,500,17
124,0.8442514112283409,0.8078711235246212,8.112067e-06,0.8107451368996588,False,0.019676441326737404,1000,17
125,0.8260542513458179,0.7880671103534899,4.0243954e-06,0.873821602467109,False,0.008424763567745686,2000,17
126,0.8740180320978445,0.8832728051273404,0.024745386,1.4166187768109748e-134,True,0.7290834784507751,0,18
127,0.852066942535268,0.8343031074976969,0.0011226998,2.0762483033553343e-18,True,0.1801123172044754,10,18
128,0.8490004203148218,0.8232524611464844,0.00010376606,0.03681468406724658,True,0.07352422922849655,100,18
129,0.8252496729240296,0.78184299660942,5.2832947e-05,0.17153229230279396,False,0.06702923029661179,200,18
130,0.864344871271186,0.8585864107789383,1.0605882e-05,0.7285159654265664,False,0.022371312603354454,500,18
131,0.8186371143907506,0.7904565640777605,6.298727e-06,0.8104355200838929,False,0.0378674678504467,1000,18
132,0.8178616039450394,0.7940066571719363,2.9720632e-06,0.8771163760870607,False,0.012208846397697926,2000,18
133,0.8688258769166142,0.8389576056956438,0.020174762,6.908179499006083e-101,True,0.7970368266105652,0,19
134,0.8348666246586852,0.7942041733999397,0.0026295488,3.0499569197093744e-26,True,0.3232218623161316,10,19
135,0.8156269691241336,0.7805774891518984,0.00011648456,0.010121519210503962,True,0.08932698518037796,100,19
136,0.7738794370930477,0.7301949357443561,4.982827e-05,0.15479840817355378,False,0.07743684202432632,200,19
137,0.7993866834698593,0.7612970284335031,1.4276052e-05,0.5097438973206151,False,0.038971975445747375,500,19
138,0.7868851081705525,0.7478650951902585,5.143342e-06,0.9225079929564612,False,0.016460629180073738,1000,19
139,0.7967317790380172,0.7638984529253265,2.5881573e-06,0.8192996062575464,False,0.011386826634407043,2000,19
140,0.887816091954023,0.8911922337074807,0.0144712655,3.761431471808007e-82,True,0.6137943267822266,0,20
141,0.868130532434932,0.8379046748800562,0.0025571696,6.570741377174959e-27,True,0.3393060564994812,10,20
142,0.8389536266349583,0.8126629974134372,0.00014234713,0.013980148447908578,True,0.0929722785949707,100,20
143,0.8433716475095785,0.8169231949925061,4.537045e-05,0.3205891352501629,False,0.03656952455639839,200,20
144,0.7992178623332012,0.7604332526784421,9.925085e-06,0.6565272283319887,False,0.023828553035855293,500,20
145,0.8517109261461223,0.8356223050702882,8.038315e-06,0.7427087050125085,False,0.03176194429397583,1000,20
146,0.845015193552649,0.8203588224453149,2.6625198e-06,0.8737921803921893,False,0.016054192557930946,2000,20
147,0.9330606265943877,0.9220638511830073,0.019501451,5.328663134467095e-103,True,0.6461467146873474,0,21
148,0.8657625159438774,0.8223639610622115,0.0009978066,8.167618840116332e-13,True,0.18630626797676086,10,21
149,0.8813576211734694,0.8603619942459948,8.097829e-05,0.13023204823690276,False,0.06915377825498581,100,21
150,0.8620954241071429,0.8219805836489431,4.1284784e-05,0.3662030622206597,False,0.05014190450310707,200,21
151,0.8736049107142857,0.8530384699716965,1.5323509e-05,0.7121565886861434,False,0.026227783411741257,500,21
152,0.8719606983418366,0.857805267044113,7.867075e-06,0.8349625656033246,False,0.023907983675599098,1000,21
153,0.8587123325892857,0.8131282191051561,4.1333046e-06,0.8352153331199932,False,0.011386537924408913,2000,21
154,0.8975071192989307,0.8884274164938047,0.016206304,1.8390137091557225e-87,True,0.7434495687484741,0,22
155,0.8652863484627819,0.8203442026169223,0.002447059,1.2812149501177591e-24,True,0.39937499165534973,10,22
156,0.8218048236065444,0.7958072768955229,7.0967646e-05,0.06900700146081498,False,0.11133384704589844,100,22
157,0.8416387650205946,0.8179469562190901,4.5852034e-05,0.2591476872032988,False,0.05843672901391983,200,22
158,0.8253181788608122,0.8027773457915548,1.8728502e-05,0.4942296887905008,False,0.12547273933887482,500,22
159,0.8371895159877684,0.818006835065405,1.1101627e-05,0.6771929835759795,False,0.04566117003560066,1000,22
160,0.8124959336166038,0.7918336592346518,4.2231345e-06,0.8235001108344466,False,0.01994987763464451,2000,22
161,0.9000484644424038,0.8986090984183714,0.018169705,4.3188626299077395e-103,True,0.6214081048965454,0,23
162,0.8612641567187022,0.8417198265626846,0.0016895459,3.1727352553454663e-16,True,0.2947918176651001,10,23
163,0.841017498214468,0.8227788332899906,7.162811e-05,0.2821319787659444,False,0.09013284742832184,100,23
164,0.8413299663299663,0.8184960048158135,2.4293415e-05,0.7114564712855488,False,0.05411606654524803,200,23
165,0.8416488113457812,0.8194247430373413,5.709637e-06,0.865190176908702,False,0.04248112812638283,500,23
166,0.8539370982552801,0.8425974272820529,7.3034876e-06,0.905862276783173,False,0.034118931740522385,1000,23
167,0.8260190286705439,0.8078963006139532,2.6896535e-06,0.9558326497285083,False,0.028362376615405083,2000,23
168,0.9058842866535174,0.8987207502736089,0.024416756,1.5324119678714422e-144,True,0.68552166223526,0,24
169,0.900387902695595,0.8969514088221382,0.001483334,1.194396068932456e-14,True,0.2556261718273163,10,24
170,0.8671663379355687,0.8473657633557811,0.000110337365,0.1501785312125879,False,0.07960990071296692,100,24
171,0.8553780407626562,0.8336865868439348,4.498683e-05,0.40145207364308727,False,0.06391377002000809,200,24
172,0.8487968441814596,0.821129329857043,1.8469553e-05,0.7581270942159584,False,0.050834376364946365,500,24
173,0.8500000000000001,0.8390415659462283,5.34074e-06,0.9226518295820322,False,0.044756244868040085,1000,24
174,0.8581788297172913,0.8320380914944989,2.8818974e-06,0.9483561367216302,False,0.06664681434631348,2000,24
175,0.8864627509851754,0.8579899325656256,0.021223715,1.1346708178250751e-103,True,0.5961135625839233,0,25
176,0.8360893225745919,0.8147262654183539,0.0019549108,1.5525784884849168e-28,True,0.40037083625793457,10,25
177,0.7726552824169638,0.7403239332576377,0.0001039608,0.00013639172121419015,True,0.1498466581106186,100,25
178,0.7888009007318447,0.7759105843495766,5.6801073e-05,0.0029723265500327853,True,0.10834634304046631,200,25
179,0.7379846124976543,0.6829954752013365,7.899617e-06,0.2757877255600372,False,0.08574145287275314,500,25
180,0.8104484893976356,0.7702554870542588,5.1105653e-06,0.2644862569639349,False,0.06101259961724281,1000,25
181,0.7883054982173017,0.7575604677497503,1.9167994e-06,0.5996512291477522,False,0.022920873016119003,2000,25
182,0.8678335974253084,0.8377945903139524,0.022387058,7.835543240153406e-118,True,0.6644643545150757,0,26
183,0.843884697169974,0.8039465837924762,0.0016695814,1.607343123754829e-25,True,0.2785355746746063,10,26
184,0.8413559822989959,0.8212244397159041,7.722848e-05,0.008122648243690229,True,0.04285411164164543,100,26
185,0.8157978998530389,0.8099719277808651,3.2806e-05,0.03288470804037472,True,0.07674900442361832,200,26
186,0.8036387221779787,0.7933591067415069,2.0157086e-05,0.16625682858451737,False,0.010309740900993347,500,26
187,0.8161263043817375,0.7860318136481239,1.03255e-05,0.16340273837101366,False,0.1130812019109726,1000,26
188,0.7951166246582541,0.7431319542670428,3.6536867e-06,0.5082555364566324,False,0.24747838079929352,2000,26
189,0.8940029892917837,0.8601306355416264,0.02378938,6.663213337630249e-144,True,0.744613528251648,0,27
190,0.8746698470547287,0.833851588443979,0.0018953088,7.734198930505856e-19,True,0.27044275403022766,10,27
191,0.8674371941606436,0.8228090896424614,0.00016473045,0.01635763869126355,True,0.10751250386238098,100,27
192,0.8738047951516145,0.8575347975129227,7.2198025e-05,0.12707548239717936,False,0.0879504531621933,200,27
193,0.8738355070535001,0.8495940145874132,2.2099894e-05,0.6509212169071359,False,0.05863652378320694,500,27
194,0.8490510022317315,0.8328088746109634,7.4971845e-06,0.8964639832615131,False,0.02790018543601036,1000,27
195,0.8279775188878197,0.7993939740590037,3.865206e-06,0.9272193867338213,False,0.015801984816789627,2000,27
196,0.8837552603168308,0.8462644729729241,0.028735507,2.421516753682182e-146,True,0.6934146881103516,0,28
197,0.8498982821806538,0.8122942011082515,0.0019324387,4.421750182548557e-28,True,0.31730443239212036,10,28
198,0.8037470347603206,0.7533005523779817,0.0001951712,1.0604784021567407e-05,True,0.1324552446603775,100,28
199,0.7922532883865424,0.7327305460733492,7.099373e-05,0.0014265051528516539,True,0.10167137533426285,200,28
200,0.8150498307151093,0.7761426002456677,2.3760944e-05,0.05452799977698313,False,0.06299719959497452,500,28
201,0.7713589060009842,0.7384531910879744,5.020661e-06,0.14284800791394864,False,0.06568700075149536,1000,28
202,0.799105470729504,0.7629284549053144,4.583513e-06,0.31282867216191584,False,0.5862708687782288,2000,28
203,0.9247687499999999,0.9150755435738684,0.015636688,2.8505639330427526e-85,True,0.5291630029678345,0,29
204,0.89156875,0.8765613152664099,0.0020090702,8.900242888963579e-22,True,0.3820977509021759,10,29
205,0.8682812499999999,0.8543449467314918,0.00011765372,0.022878952542244077,True,0.11153876781463623,100,29
206,0.8561312499999999,0.8337893856878398,6.370188e-05,0.17470148184172263,False,0.0969051644206047,200,29
207,0.8663062499999999,0.8496178339798194,2.1821354e-05,0.6441156226274031,False,0.05461103841662407,500,29
208,0.8512500000000001,0.8254892979443837,9.529872e-06,0.8169667388921951,False,0.038521502166986465,1000,29
209,0.85583125,0.842239018020936,5.158434e-06,0.8929398151884174,False,0.022641316056251526,2000,29
210,0.8951632334822992,0.8788208602889648,0.024505029,1.9836796219588144e-124,True,0.8373984098434448,0,30
211,0.8442769400030005,0.8119644439462104,0.001685675,1.831988264805733e-21,True,0.28797248005867004,10,30
212,0.8293333818267785,0.7872415547138973,0.00010805518,0.005907818490536987,True,0.0888538658618927,100,30
213,0.791472124603907,0.7469476479601908,3.3874687e-05,0.39527374815614397,False,0.04624234884977341,200,30
214,0.8278422083914876,0.7810386960630982,9.676353e-06,0.8074562881626914,False,0.013629425317049026,500,30
215,0.8213001395701964,0.7615002906654136,4.5464753e-06,0.9162895033530879,False,0.013737805187702179,1000,30
216,0.8251144521074191,0.8041540232298491,3.535994e-06,0.9508322736400668,False,0.017168257385492325,2000,30
217,0.8786805555555555,0.8769234172101491,0.02440273,2.1225294006518685e-119,True,0.7926226258277893,0,31
218,0.8667515432098765,0.8680878669314616,0.0016128191,1.4015048787329468e-21,True,0.33182618021965027,10,31
219,0.8553703703703703,0.8511216284629817,6.671679e-05,0.022616900265502542,True,0.05041145160794258,100,31
220,0.8615817901234568,0.844778340860658,3.6848054e-05,0.09617391057315237,False,0.05878839269280434,200,31
221,0.8450848765432099,0.8078583093044459,1.1448352e-05,0.3792276005324287,False,0.105197012424469,500,31
222,0.8434182098765431,0.8341579138212962,5.684825e-06,0.23792196578399746,False,0.015017576515674591,1000,31
223,0.8435185185185186,0.8207337613337502,2.570814e-06,0.8173884903011253,False,0.003263841848820448,2000,31
224,0.886054800623747,0.8780740680188708,0.022154333,1.4270460206875927e-113,True,0.7460111975669861,0,32
225,0.8794336773842231,0.8545528657952959,0.0013781773,5.094265952197983e-22,True,0.26592499017715454,10,32
226,0.8446263706343902,0.8194386237575214,8.273992e-05,0.01547361443423434,True,0.07243093848228455,100,32
227,0.8662099948021089,0.8410745445359188,4.7929847e-05,0.06777400326794666,False,0.050936855375766754,200,32
228,0.865795401103933,0.8559680636383331,1.6047701e-05,0.3950589692325961,False,0.04557612165808678,500,32
229,0.8596878790128957,0.8500162715347063,9.705021e-06,0.506356676357826,False,0.04673347994685173,1000,32
230,0.8358085195910993,0.8124286466690009,3.8997027e-06,0.5691070678192737,False,0.02897700108587742,2000,32
231,0.8970930753381708,0.8817855593980641,0.020326234,6.48737372132916e-116,True,0.6237227320671082,0,33
232,0.8716444205560034,0.8547435918529175,0.0018578671,9.331137060559924e-26,True,0.32873260974884033,10,33
233,0.8324972378990115,0.7853094697437999,0.00010478197,0.006775708518115906,True,0.09977269917726517,100,33
234,0.7952984562095016,0.7495613951679464,4.426079e-05,0.11365682506557824,False,0.07306196540594101,200,33
235,0.83344531040043,0.7903629125832601,1.9404228e-05,0.32646182733656515,False,0.0842411145567894,500,33
236,0.803009943563558,0.7480055240413612,5.6124136e-06,0.7273794514407335,False,0.03142077103257179,1000,33
237,0.8012183104900117,0.7661162058867488,3.551082e-06,0.7442576329766977,False,0.03469289094209671,2000,33
238,0.9101724185192293,0.8869063508713857,0.019938888,2.8840461781970424e-100,True,0.8153797388076782,0,34
239,0.8780735177215537,0.8323709814920924,0.0018483035,8.73749040674017e-24,True,0.3675343990325928,10,34
240,0.8340231901537787,0.7930527527139704,0.00016148834,8.506529942858883e-05,True,0.13739599287509918,100,34
241,0.8465913763328856,0.8190889840238431,6.388544e-05,0.010314921144637647,True,0.08719385415315628,200,34
242,0.8193854335133357,0.7924205616696627,1.5999654e-05,0.09750587875829204,False,0.1252591907978058,500,34
243,0.8171171294646529,0.7853193940992513,6.0907664e-06,0.4562508496134101,False,0.05590014159679413,1000,34
244,0.8254913516625093,0.7875458176964392,5.5143923e-06,0.24667562980065258,False,0.04133407771587372,2000,34
245,0.9091744569529856,0.8925548843044446,0.016862746,7.887169088008782e-93,True,0.6759581565856934,0,35
246,0.8834525639754018,0.8454596455254815,0.0025170404,2.6160555051517118e-28,True,0.334909588098526,10,35
247,0.8619383554850228,0.8384161052521363,0.00010704034,0.04857693358384118,True,0.05712437629699707,100,35
248,0.8670340706209085,0.8509820911958087,4.0097646e-05,0.1802541125813551,False,0.07851734012365341,200,35
249,0.8626326621702043,0.8466194603557929,1.5826363e-05,0.4353715108896786,False,0.04713153839111328,500,35
250,0.8662312785161674,0.8637519354503804,6.8152576e-06,0.5089112654633843,False,0.013399743475019932,1000,35
251,0.848225798452688,0.8346052908875694,4.169167e-06,0.6725132414048071,False,0.03316877409815788,2000,35
252,0.8942390532544379,0.8968839913664739,0.016827757,4.982196214778181e-99,True,0.7111890316009521,0,36
253,0.8517775147928994,0.8243389008127249,0.0016851111,1.4438373966306684e-21,True,0.3455086648464203,10,36
254,0.8678532544378698,0.8408919482747181,0.00014982361,0.0019605392927264944,True,0.11216768622398376,100,36
255,0.8624094674556213,0.8290363063395958,4.2478583e-05,0.08856791810120712,False,0.08080495893955231,200,36
256,0.8643029585798816,0.8606555763239033,1.5713045e-05,0.4784526197008978,False,0.03361169248819351,500,36
257,0.8438248520710059,0.7978561021614271,8.585132e-06,0.6078218352024067,False,0.13258935511112213,1000,36
258,0.8451881656804735,0.8181620848084008,4.2230217e-06,0.7858938679962821,False,0.035110507160425186,2000,36
259,0.9149327037196031,0.892756695058935,0.018189473,1.915609382330253e-108,True,0.7838557362556458,0,37
260,0.8739552031514357,0.8650943342309142,0.0018752827,7.725715849399638e-15,True,0.33549365401268005,10,37
261,0.8888033130476503,0.8692924528478044,9.213823e-05,0.275681632938331,False,0.10788383334875107,100,37
262,0.8577624302416605,0.8318915116749639,4.1351075e-05,0.5637297506360164,False,0.054636575281620026,200,37
263,0.853438044493826,0.8430977135018839,1.7608745e-05,0.8000066911729845,False,0.06873887777328491,500,37
264,0.845900356051615,0.8403406367807462,7.742902e-06,0.7964791529266426,False,0.010479451157152653,1000,37
265,0.7900305547839701,0.7500120670210297,3.3780975e-06,0.8722455315960704,False,0.02856258675456047,2000,37
266,0.8869480003289383,0.8715101625553878,0.022164028,3.5292986308848815e-115,True,0.8706123232841492,0,38
267,0.8543625448863793,0.8266161111841721,0.0018885073,1.5339447806758652e-28,True,0.3133572041988373,10,38
268,0.8341602478002248,0.8159595438979341,0.00012948745,0.0009234725733374799,True,0.10977250337600708,100,38
269,0.8599065266851238,0.8349622883351409,4.10302e-05,0.10281305954078139,False,0.05544023588299751,200,38
270,0.820721745566185,0.794887619878843,1.5679636e-05,0.32315693983046523,False,0.06997257471084595,500,38
271,0.8376689235492447,0.7946574465346331,6.760043e-06,0.6607774909947068,False,0.027362769469618797,1000,38
272,0.8467421397439764,0.823208215895836,2.7857375e-06,0.7747436287347177,False,0.03835661709308624,2000,38
273,0.9030068197114169,0.8991828065590961,0.018454013,4.130583766593228e-104,True,0.6552165746688843,0,39
274,0.8693011838209835,0.8519970055476833,0.002285191,4.1138409114215254e-23,True,0.3122389614582062,10,39
275,0.8622752860349584,0.837576844002593,5.31952e-05,0.4543890758697524,False,0.050909701734781265,100,39
276,0.85315251177791,0.8259499930148467,2.8574837e-05,0.6776536572249843,False,0.04589402303099632,200,39
277,0.8379452944769286,0.8206057840837248,1.1444633e-05,0.8770339592793953,False,0.037091705948114395,500,39
278,0.8385755245108908,0.8353950326778103,5.3853005e-06,0.8792284342504962,False,0.024707604199647903,1000,39
279,0.8259242401254234,0.7754350727153172,2.3214034e-06,0.8189007213894929,False,0.028116246685385704,2000,39
280,0.9084454921740084,0.9056887369120832,0.018982196,1.075867647035342e-103,True,0.752125084400177,0,40
281,0.8652038047202654,0.83285014524145,0.0024698519,7.229529765423896e-25,True,0.3614767789840698,10,40
282,0.842013650941586,0.7984126867016084,0.00017186925,0.00124414253948113,True,0.11840450018644333,100,40
283,0.8466324936268194,0.8204987428472557,8.342888e-05,0.06225437348553083,False,0.08290646970272064,200,40
284,0.8250870316054932,0.7831533311469652,1.3205604e-05,0.5512085190712204,False,0.026974668726325035,500,40
285,0.8475576327403307,0.8234904046862391,8.3021505e-06,0.5771156703390243,False,0.017107879742980003,1000,40
286,0.8230585784380912,0.7924163776842056,3.0383292e-06,0.7922476222711151,False,0.19160285592079163,2000,40
287,0.8900674461481015,0.8792764497930917,0.027916715,1.0092392569836203e-153,True,0.8671830892562866,0,41
288,0.8778734626245653,0.84913625859198,0.001928425,2.261796616157831e-24,True,0.28458696603775024,10,41
289,0.8519743751312749,0.838401638699553,0.00017506139,3.667360372618115e-05,True,0.09531455487012863,100,41
290,0.8222128871152186,0.7875533143278407,6.815975e-05,0.004499131608039248,True,0.12139704823493958,200,41
291,0.8047270648089803,0.767012843110757,2.392813e-05,0.07866331828153138,False,0.017248718068003654,500,41
292,0.8254159957058508,0.7976743295244909,1.5117617e-05,0.07507542059372983,False,0.037564896047115326,1000,41
293,0.8498331349623095,0.8345566509028013,5.6670606e-06,0.1614530782492279,False,0.07627145200967789,2000,41
294,0.8900915277182817,0.8630589754189683,0.018867528,1.7882015250138185e-104,True,0.718143105506897,0,42
295,0.8776687409461461,0.8554157703166928,0.0022348117,6.408705494934764e-23,True,0.32011643052101135,10,42
296,0.8406325516907611,0.8217857909443836,6.12664e-05,0.09791937224868905,False,0.0908697247505188,100,42
297,0.8485557978999965,0.8224374328084778,3.5814617e-05,0.22068957927747024,False,0.08537599444389343,200,42
298,0.8433989843333584,0.8074010160599844,8.879971e-06,0.21557592051555993,False,0.047028571367263794,500,42
299,0.8572769277555599,0.8458732150067141,7.912714e-06,0.8063700912845666,False,0.04657071828842163,1000,42
300,0.8506420674342484,0.8342652348112762,2.5551233e-06,0.9127225936914463,False,0.0350157804787159,2000,42
301,0.8903183344388398,0.880018554998627,0.018098705,2.1076503185009147e-97,True,0.7429446578025818,0,43
302,0.8867550043448975,0.8728023041876023,0.0023355498,1.9978733769358503e-28,True,0.3575054407119751,10,43
303,0.8222756978830839,0.7964214122081079,7.9786936e-05,0.024562729886939,True,0.10439877212047577,100,43
304,0.8260498454861915,0.7958963302300435,4.6720455e-05,0.21791973110538565,False,0.07163926213979721,200,43
305,0.8090301880389343,0.768572149376316,1.5824497e-05,0.5782510669437483,False,0.04189759120345116,500,43
306,0.782518600788766,0.7376295544224428,1.30137705e-05,0.41762086271910326,False,0.04717237129807472,1000,43
307,0.8147119770054658,0.7858343541335142,2.6987002e-06,0.8405917951689564,False,0.04873962327837944,2000,43
308,0.9210586011342154,0.916045950391268,0.018570466,2.735802042163424e-110,True,0.823117733001709,0,44
309,0.9096928166351606,0.8944243797610718,0.0018145171,9.716912418718842e-13,True,0.3354983329772949,10,44
310,0.839976370510397,0.8016343913828476,8.393135e-05,0.19883936470958266,False,0.0781685933470726,100,44
311,0.8679962192816635,0.8369601872576751,5.270312e-05,0.5409067310095509,False,0.040520161390304565,200,44
312,0.8542769376181476,0.8306235576912342,1.71281e-05,0.6447016208947449,False,0.022541381418704987,500,44
313,0.8578260869565216,0.8138692365402524,7.652937e-06,0.43498431761591005,False,0.05095324292778969,1000,44
314,0.8554206049149339,0.8249461503054162,3.214215e-06,0.8939441211878891,False,0.018460774794220924,2000,44
315,0.8904480638109888,0.872159568964104,0.031149382,1.2382210168459316e-161,True,0.7117571234703064,0,45
316,0.8814808035509998,0.8559688238687175,0.0013840956,4.2279387394320414e-20,True,0.2362363487482071,10,45
317,0.8557670307544467,0.8286517469746233,8.564235e-05,0.09612594986211855,False,0.05978836864233017,100,45
318,0.85382397769713,0.8240818946425372,5.2574436e-05,0.05039395957689825,False,0.07842668145895004,200,45
319,0.8445909556512221,0.8234701978007997,1.9642297e-05,0.6512540526640909,False,0.06348021328449249,500,45
320,0.8427394232089238,0.8262008516029353,6.3492903e-06,0.8593194519907067,False,0.022883867844939232,1000,45
321,0.7703782969421555,0.7288050210830549,1.7916806e-06,0.6395317458262704,False,0.00688320305198431,2000,45
322,0.8795999572718047,0.8613586454255577,0.022671038,4.801184021165243e-114,True,0.8193060159683228,0,46
323,0.8649165910021543,0.8371250758616613,0.001558933,1.3217165564429399e-23,True,0.3142532706260681,10,46
324,0.8383405437162847,0.8085643756657612,0.000100530306,0.004694227883030589,True,0.10874389111995697,100,46
325,0.8442201214192881,0.826259026191833,4.711349e-05,0.06037441218161019,False,0.053354229778051376,200,46
326,0.8297414944186294,0.7856707911643143,1.4116724e-05,0.1963767279988015,False,0.01710895076394081,500,46
327,0.8261318520892308,0.7928878349472093,7.94178e-06,0.18223207200142352,False,0.008752805180847645,1000,46
328,0.830640566860724,0.8033205538717931,2.8924624e-06,0.6798439505863472,False,0.01756194606423378,2000,46
329,0.8924053255663891,0.8637410940976018,0.021710213,4.813999327382632e-116,True,0.810657262802124,0,47
330,0.8663813261820615,0.8293584842622372,0.0017152,6.561350189853383e-26,True,0.3443470001220703,10,47
331,0.8532509279485677,0.8402640388643178,0.00011293857,0.0004909275103632567,True,0.14606598019599915,100,47
332,0.8755927326975332,0.8488268890424426,3.8182763e-05,0.06611005615310976,False,0.06082836911082268,200,47
333,0.8623794554851084,0.8333026990690405,1.3915644e-05,0.1271188744412001,False,0.03734453767538071,500,47
334,0.720520243190604,0.6750676419019127,1.2041869e-06,0.5720495304668265,False,0.06686747819185257,1000,47
335,0.8122909525754642,0.783378727526431,2.7252297e-06,0.5348631855226715,False,0.005894900765269995,2000,47
336,0.8834126371742113,0.872768423524968,0.028318485,4.448225843090869e-138,True,0.7771946787834167,0,48
337,0.8512945816186557,0.8335930002689823,0.0011064309,1.7531017476995044e-15,True,0.21086053550243378,10,48
338,0.8377057613168725,0.8233408621026462,7.294873e-05,0.06976573402725554,False,0.12434864044189453,100,48
339,0.81607938957476,0.7934180498159665,4.01806e-05,0.28455336491942657,False,0.028499916195869446,200,48
340,0.8290144890260631,0.8100491469501776,1.610972e-05,0.5770364043391765,False,0.003601143369451165,500,48
341,0.8451163837448559,0.8351421522365237,6.7436154e-06,0.7783861438787415,False,0.01432021427899599,1000,48
342,0.8301718964334706,0.7828945741597417,3.7928219e-06,0.7671661164206028,False,0.09482046961784363,2000,48
343,0.9087721090963139,0.9034979585334679,0.023503745,1.4694557135739324e-122,True,0.7996782064437866,0,49
344,0.8723199687871581,0.867291557729615,0.0018395954,2.261544366660263e-19,True,0.31147387623786926,10,49
345,0.8488592449464922,0.8273939635859853,0.0001038612,0.08580650514959227,False,0.0904025062918663,100,49
346,0.8501319114149821,0.8322781790244719,5.0205268e-05,0.3289308769969379,False,0.06355618685483932,200,49
347,0.8334850624256837,0.8061766850387175,2.012613e-05,0.4559710892031865,False,0.05020393803715706,500,49
348,0.8441030023781213,0.8237560984642553,7.71842e-06,0.7959935701499173,False,0.07990261167287827,1000,49
349,0.8217059304399524,0.7878276517546546,4.116601e-06,0.9121450584246819,False,0.013790452852845192,2000,49
350,0.8962456128590512,0.8873544710152623,0.018985406,2.2988520529756024e-108,True,0.7411101460456848,0,50
351,0.855488893889844,0.8310402373384704,0.0023075189,1.1434074516725733e-24,True,0.36043938994407654,10,50
352,0.8354744336817508,0.8143236716489521,7.262175e-05,0.13027636755247254,False,0.07545781135559082,100,50
353,0.8289338230013071,0.7835103921886051,2.7130001e-05,0.5380871634326903,False,0.05678824707865715,200,50
354,0.8067646960244004,0.7780242694402624,1.4984215e-05,0.07651339351197854,False,0.03523224964737892,500,50
355,0.8301643771337186,0.7881285916787106,5.670621e-06,0.8706034867667103,False,0.014199876226484776,1000,50
356,0.8301595889853435,0.8048219891231563,2.8561228e-06,0.9140118724180639,False,0.024595756083726883,2000,50
357,0.8849543885601578,0.8800397935509868,0.012704354,3.2262252803024184e-71,True,0.6087502837181091,0,51
358,0.8856118507560815,0.8841196800875617,0.0018743689,9.24802622325193e-16,True,0.26153790950775146,10,51
359,0.8736542570677187,0.8522966046620729,0.00012847692,0.08866411302354396,False,0.09618084877729416,100,51
360,0.8448697403024326,0.8240317152281973,5.8346486e-05,0.27682683485047055,False,0.0656357929110527,200,51
361,0.875965647600263,0.8598288462148058,1.4883721e-05,0.7669361484570741,False,0.041194669902324677,500,51
362,0.8525230111768574,0.8390171668783886,9.910137e-06,0.8127102081564324,False,0.03728945180773735,1000,51
363,0.8555535009861933,0.8506704856784313,5.6010335e-06,0.8231657610712968,False,0.01623375713825226,2000,51
364,0.889933996166077,0.8695641039886671,0.019533634,1.4803605255151497e-104,True,0.7727095484733582,0,52
365,0.8955563379888112,0.8817377900406334,0.0020351172,2.163979973027837e-20,True,0.3148595690727234,10,52
366,0.8689424296788111,0.8441803443498568,0.00012172519,0.005302094648028072,True,0.11300518363714218,100,52
367,0.8644825601216125,0.843320917072499,6.428273e-05,0.07412245059690004,False,0.09258945286273956,200,52
368,0.8493536542427443,0.8205013958633206,1.16395595e-05,0.6786962146777222,False,0.02988354116678238,500,52
369,0.8271884378720051,0.7922873214780306,6.3689863e-06,0.8539632690290577,False,0.025295395404100418,1000,52
370,0.855579587434122,0.835019055228976,3.1020786e-06,0.9141920404762509,False,0.019266502931714058,2000,52
371,0.8573377146754293,0.864133403053362,0.021378478,1.190115428347497e-111,True,0.5464379787445068,0,53
372,0.8502903672474013,0.8351904707484288,0.0018283698,1.2507908929553074e-17,True,0.2586209177970886,10,53
373,0.7855140154724753,0.7351842350089681,0.00025502604,0.0072840851032480195,True,0.11804571002721786,100,53
374,0.8004009341352015,0.7576933759134095,3.1379583e-05,0.23549643596341485,False,0.04662780463695526,200,53
375,0.8360441165326775,0.8160606308806969,2.8688492e-05,0.27843138826940367,False,0.05309144780039787,500,53
376,0.8318625526139941,0.8198104935799102,1.7214112e-05,0.450184361013763,False,0.018431443721055984,1000,53
377,0.8370774519326816,0.8354320746588393,3.976499e-06,0.79535801026188,False,0.02544599585235119,2000,53
378,0.9063762929729922,0.8936872786681048,0.026275357,5.044043291679302e-145,True,0.8641363382339478,0,54
379,0.8790391497089141,0.8544735506757419,0.0013465334,2.9006483077920263e-16,True,0.25034385919570923,10,54
380,0.8487510904591501,0.8383503656216846,0.000121352874,0.027026818669089354,True,0.1001424714922905,100,54
381,0.8517687692499422,0.8332488382243031,5.640971e-05,0.1454081578935064,False,0.13347254693508148,200,54
382,0.8506026455874237,0.8315419149894231,2.5920413e-05,0.32425633403789594,False,0.07521788775920868,500,54
383,0.8345617689472841,0.8142289917713359,8.154926e-06,0.6176662906841122,False,0.035130057483911514,1000,54
384,0.8504068080257793,0.838990256343478,2.6689047e-06,0.8601512217390135,False,0.02748986892402172,2000,54
385,0.8892768022710102,0.8570305939992804,0.021626728,2.136204588494982e-108,True,0.6545717120170593,0,55
386,0.860339735811909,0.8278742167289866,0.0021689537,4.053964322407192e-22,True,0.37792712450027466,10,55
387,0.8273734575673632,0.8048499437045985,0.00015101029,0.0025036169371589847,True,0.1378272920846939,100,55
388,0.8290790046015428,0.8192767697960236,0.00011687467,0.004898342830745669,True,0.14906957745552063,200,55
389,0.757669238341613,0.737521536382025,3.8651925e-07,0.7068457157790495,False,0.022946173325181007,500,55
390,0.809087475103592,0.7713060892715015,5.2741434e-06,0.7501804679068174,False,0.028733357787132263,1000,55
391,0.8054245552986424,0.7755272721452454,4.473686e-06,0.7051157499946173,False,0.056481294333934784,2000,55
392,0.8964541851749859,0.877727442876241,0.02794828,4.236450210321808e-135,True,0.8306245803833008,0,56
393,0.8788867470456532,0.8542752983672567,0.0018195808,7.772890948874199e-25,True,0.32059428095817566,10,56
394,0.8585505441745189,0.8262592587187143,8.2745595e-05,0.04436633609287644,True,0.06657455861568451,100,56
395,0.8407586116066618,0.7854749687268463,3.4342822e-05,0.0697528213416781,False,0.050550930202007294,200,56
396,0.841081883598137,0.8086048782846313,1.3270012e-05,0.5551731803210009,False,0.03164243698120117,500,56
397,0.8450629183079705,0.8118582661033032,5.0336894e-06,0.5711557221153893,False,0.027775896713137627,1000,56
398,0.8186803318925779,0.7754660977006584,2.2036809e-06,0.8364650117705797,False,0.023755371570587158,2000,56
399,0.8750125798450161,0.875201173216212,0.015000077,2.305577891612336e-91,True,0.6149105429649353,0,57
400,0.8371724060359577,0.8220596895366092,0.0022424408,9.841399305023964e-29,True,0.43119877576828003,10,57
401,0.8208156475512222,0.7784463586267735,0.00014004817,0.021402208992339345,True,0.0904017835855484,100,57
402,0.8330639766518076,0.8206669894843579,5.7955614e-05,0.2807111940651088,False,0.05398447439074516,200,57
403,0.8142800480698078,0.8173388095513022,2.7407608e-05,0.034527632185587846,True,0.1112794429063797,500,57
404,0.7869063053143184,0.7571179317347634,6.8223544e-06,0.8216592903180515,False,0.008200285024940968,1000,57
405,0.7882678885396132,0.7627673276961457,3.8470466e-06,0.860711679376194,False,0.011003046296536922,2000,57
406,0.8956995321643841,0.8825184357806215,0.023899281,4.529863283288187e-116,True,0.7524942755699158,0,58
407,0.8908237307285182,0.8720814219566515,0.0014472564,8.84763824530301e-18,True,0.29291605949401855,10,58
408,0.8447092892518469,0.8150393403154623,0.000116953786,0.00755556971342949,True,0.12345807999372482,100,58
409,0.847188324402591,0.8194295786380865,4.6223606e-05,0.09095256723064876,False,0.08079936355352402,200,58
410,0.8420766855519417,0.8084784974250154,1.8815299e-05,0.3990502347878666,False,0.04178742319345474,500,58
411,0.8357694058542525,0.8095894578138787,1.0803068e-05,0.526654218817427,False,0.0107992859557271,1000,58
412,0.8382594101870793,0.795154186612475,5.836343e-06,0.6388922692274874,False,0.11597643792629242,2000,58
413,0.894502743484225,0.8761772526200093,0.021014564,1.97266668413445e-119,True,0.7423574924468994,0,59
414,0.8897805212620027,0.8732059281080752,0.0016534205,5.270035230802231e-18,True,0.2767062187194824,10,59
415,0.8487757201646091,0.8118729805058056,0.000112732094,0.07867450204319773,False,0.05721762031316757,100,59
416,0.8485562414266119,0.8228833859777089,5.566018e-05,0.3225247569719387,False,0.0378907173871994,200,59
417,0.853477366255144,0.8419164725513332,1.4940412e-05,0.667550162832341,False,0.018186699599027634,500,59
418,0.8559739368998628,0.8554636042398094,8.25366e-06,0.41348918582202776,False,0.01343819685280323,1000,59
419,0.8423456790123457,0.8157661982265333,2.292397e-06,0.9051815216876173,False,0.00957790482789278,2000,59
420,0.8753470581285443,0.8498229648013289,0.022838166,4.0806288512403283e-112,True,0.7625843286514282,0,60
421,0.8642855033081285,0.8464180210502025,0.0024246224,5.454784115798474e-25,True,0.3711729943752289,10,60
422,0.8346304938563327,0.8052962634572064,0.00014183419,0.016003728822123545,True,0.08917377144098282,100,60
423,0.8291514059546314,0.8148563099507344,5.4019445e-05,0.07678437019918354,False,0.03681761398911476,200,60
424,0.8062234168241965,0.7902189061669302,1.1869446e-05,0.5922893705805701,False,0.058126650750637054,500,60
425,0.8315217391304348,0.824588487879733,7.4801937e-06,0.8079517162731831,False,0.03323563188314438,1000,60
426,0.8136814744801512,0.789517863889363,2.4265935e-06,0.9107706689204831,False,0.014011700637638569,2000,60
427,0.8846081391136337,0.8467604800872924,0.034042533,8.714662686235912e-168,True,0.83707195520401,0,61
428,0.8493080545827799,0.8145307539040934,0.0011489847,1.1262721334124757e-18,True,0.23969189822673798,10,61
429,0.8807728535201063,0.8534906526599608,0.00012266601,0.0030951473709420834,True,0.11381913721561432,100,61
430,0.8520130419031517,0.8261307794144439,5.638766e-05,0.01897471426168968,True,0.08958868682384491,200,61
431,0.8045067020891196,0.759767589886183,1.603078e-05,0.10313377372005077,False,0.05750204250216484,500,61
432,0.8381693032242483,0.8109647624534032,9.308929e-06,0.586888667916011,False,0.023551329970359802,1000,61
433,0.805467938654752,0.7863698353148639,1.2916743e-05,0.009547420071256233,True,0.17315511405467987,2000,61
434,0.9013193851236191,0.8864209589560392,0.021784615,2.2278972567117998e-120,True,0.7698631882667542,0,62
435,0.8901659453704116,0.8676289165090991,0.0017829795,1.4321177731875226e-25,True,0.2791517972946167,10,62
436,0.8648105939459695,0.8394239971997988,0.00017436723,2.3883619983836545e-05,True,0.12227125465869904,100,62
437,0.8681626985251548,0.8359257226696398,5.152437e-05,0.016149488849499835,True,0.032073844224214554,200,62
438,0.8653854717844289,0.8420035856073794,1.1958079e-05,0.3059675199188721,False,0.05594554916024208,500,62
439,0.8540943852248299,0.8307829918901475,6.686026e-06,0.4236625842626618,False,0.029063070192933083,1000,62
440,0.8667700367193097,0.8582065030722635,3.6200734e-06,0.5680460510013696,False,0.29822152853012085,2000,62
441,0.9064478449402364,0.9049700107533101,0.026220834,1.3050847663366227e-147,True,0.9108340740203857,0,63
442,0.8853532740587448,0.8578837928115078,0.001445945,4.969622546076372e-18,True,0.23935434222221375,10,63
443,0.8345396263247444,0.8215341292879825,0.00012319544,0.008696537627622613,True,0.10993725061416626,100,63
444,0.8358143677762429,0.8266357677872948,6.1982406e-05,0.19197803258345217,False,0.0563337616622448,200,63
445,0.8282139218834171,0.8015375832263341,1.8458835e-05,0.3618476298599429,False,0.047891777008771896,500,63
446,0.8531593853506072,0.8412675641589198,8.276821e-06,0.53586638916351,False,0.02687365747988224,1000,63
447,0.8356490247427849,0.8412832208266698,3.790303e-06,0.5549419769529492,False,0.03942716121673584,2000,63
448,0.8902810826888756,0.87954766341126,0.017815271,6.697373219571172e-107,True,0.5878143906593323,0,64
449,0.8668327384493358,0.8284910478913498,0.0021045755,7.745859915317611e-15,True,0.3516468405723572,10,64
450,0.841719545244233,0.7812638242143353,7.5711476e-05,0.3936667579664199,False,0.08009639382362366,100,64
451,0.8391045343380263,0.8094041966987733,4.6560224e-05,0.6084759739112126,False,0.06662441045045853,200,64
452,0.8293674400158637,0.7862292367008309,1.7420913e-05,0.8255627026019932,False,0.03605116158723831,500,64
453,0.8154083217661445,0.7695294488166879,9.383188e-06,0.8824892102076081,False,0.036587417125701904,1000,64
454,0.8132312115804086,0.7519682627883479,4.2269617e-06,0.791629818617505,False,0.020017938688397408,2000,64
455,0.906642634796213,0.8965448164739258,0.01957329,1.2520996726721924e-111,True,0.5885998606681824,0,65
456,0.8536192964629603,0.8320833639349645,0.0018654047,2.72588687342489e-21,True,0.2642448842525482,10,65
457,0.8294422670602086,0.8008349806960204,0.00011705051,0.013709853264115755,True,0.113934725522995,100,65
458,0.845671844002516,0.8295397304966288,5.2336276e-05,0.20423699469999054,False,0.07688958197832108,200,65
459,0.8382526088288899,0.8247913192793797,1.370899e-05,0.5960192565329271,False,0.033574178814888,500,65
460,0.8214907824067353,0.7944013745373468,6.1667615e-06,0.38477968580578303,False,0.05229732766747475,1000,65
461,0.8222286737310688,0.8006035624089496,2.434153e-06,0.9230742295782546,False,0.002816961146891117,2000,65
462,0.876995998768852,0.8765928050585059,0.01262223,1.207663643484512e-72,True,0.4374529719352722,0,66
463,0.8695967990150816,0.8673374461170306,0.0021573838,6.531201831068286e-31,True,0.4187346398830414,10,66
464,0.8470298553401047,0.8298148719821337,0.000103279555,0.0016748439509164526,True,0.08208458125591278,100,66
465,0.836528162511542,0.8128003253641658,3.5858568e-05,0.04774328416248829,True,0.04709595441818237,200,66
466,0.8363434903047091,0.8073810448554685,1.9131554e-05,0.21830178987576226,False,0.06129113584756851,500,66
467,0.8201908279470607,0.8061031188736476,3.993492e-06,0.6226250621595253,False,0.014485293999314308,1000,66
468,0.7930440135426285,0.7744294528179961,2.4241904e-06,0.8607659030125338,False,0.01622462272644043,2000,66
469,0.9043591836734693,0.8969322492424536,0.02036378,4.473711990187947e-104,True,0.8659562468528748,0,67
470,0.8799999999999999,0.8690645908681357,0.0021074405,1.417183164575575e-24,True,0.3412002623081207,10,67
471,0.8326857142857143,0.7922988318978434,8.859717e-05,0.038059840736768935,True,0.11241689324378967,100,67
472,0.8516897959183675,0.830178199676029,5.6219964e-05,0.1147433293386633,False,0.07611525058746338,200,67
473,0.8011020408163265,0.7413695671951601,1.6576061e-05,0.2084822898841093,False,0.06354151666164398,500,67
474,0.8444489795918368,0.8079788245996196,3.30342e-06,0.4421048333242411,False,0.023136477917432785,1000,67
475,0.8122367346938776,0.7659835662851726,2.5444635e-06,0.7237867874017456,False,0.006278075277805328,2000,67
476,0.8771008052390659,0.8754431543052349,0.028091073,5.2920494647860466e-138,True,0.7350948452949524,0,68
477,0.8524090347154933,0.8423035520102904,0.0019158922,9.093464931451644e-23,True,0.34697267413139343,10,68
478,0.8359951886130509,0.8103440469509401,0.00010266853,0.01714363841614443,True,0.06508871912956238,100,68
479,0.8131327475024224,0.795508277183431,7.524678e-05,0.03842772726063602,True,0.08535657078027725,200,68
480,0.8306993217280898,0.8078637709290671,2.2249958e-05,0.0768003089038562,False,0.06117437779903412,500,68
481,0.7765210999365164,0.7401946209039628,8.431981e-06,0.5875401285345199,False,0.020938891917467117,1000,68
482,0.8015219352467506,0.7726752700490402,3.4590412e-06,0.6613367971013491,False,0.026025084778666496,2000,68
483,0.8758908702941625,0.8608023097347983,0.024071716,1.2301842332242942e-117,True,0.7930195331573486,0,69
484,0.8563389727175734,0.8327346615430663,0.0020770528,8.534067643248877e-29,True,0.4378357231616974,10,69
485,0.8068770004572474,0.7586193913249165,0.00010113388,0.0006551797462472217,True,0.1034042090177536,100,69
486,0.8113824112178023,0.7737898042751571,3.362439e-05,0.04600788778388183,True,0.03496788069605827,200,69
487,0.7828623685413809,0.7361297416686556,1.2217571e-05,0.25302685130918934,False,0.02166595496237278,500,69
488,0.802450845907636,0.7536810019158,6.8563822e-06,0.4353876626044565,False,0.047782596200704575,1000,69
489,0.8059198292943149,0.7865804249252408,3.9793304e-06,0.5422669578366524,False,0.07373734563589096,2000,69
490,0.901312,0.8930567686833539,0.0266805,2.3852161336132233e-146,True,0.9000832438468933,0,70
491,0.8864240000000001,0.8679265179121629,0.0021320814,2.0682761741006812e-26,True,0.2555418908596039,10,70
492,0.842952,0.7899682886850856,8.225073e-05,0.2219373984511453,False,0.037054698914289474,100,70
493,0.880212,0.8443140263177789,3.7171445e-05,0.535769589942632,False,0.020882679149508476,200,70
494,0.8449880000000001,0.8022007715693988,1.1934847e-05,0.7514508795157329,False,0.02057485468685627,500,70
495,0.85288,0.823722007124286,6.2760464e-06,0.9281711640776614,False,0.015620113350450993,1000,70
496,0.8171199999999998,0.7663270737631803,3.373866e-06,0.8841484674067555,False,0.04469338804483414,2000,70
497,0.9232185099087185,0.9095626065400169,0.023221873,6.233264147419762e-126,True,0.6793237328529358,0,71
498,0.8838631390220125,0.8742760623779794,0.0017507168,3.8935110055905056e-19,True,0.27024561166763306,10,71
499,0.8680746340898091,0.8501661083146737,0.00010435478,0.0933693960131236,False,0.07621312886476517,100,71
500,0.8548902780712938,0.8353900708936111,4.0938532e-05,0.4242703196619211,False,0.07218969613313675,200,71
501,0.8613052103429706,0.8457342066348723,1.706104e-05,0.7245963889607956,False,0.03831636905670166,500,71
502,0.8760506922809481,0.8525885240452925,8.194399e-06,0.8526177399082617,False,0.021491648629307747,1000,71
503,0.8557219696091731,0.8441980559326031,4.5515994e-06,0.9052765184818847,False,0.025133328512310982,2000,71
504,0.9018617242815493,0.8773567592849982,0.018719072,3.0081324232856875e-100,True,0.5596587657928467,0,72
505,0.8717909204498124,0.8487743699365657,0.001976977,1.37443042206524e-20,True,0.30212175846099854,10,72
506,0.8593544356518118,0.8253623169942319,0.00013575476,0.011535624310598135,True,0.08578064292669296,100,72
507,0.8377800916284881,0.8011467679679807,5.734555e-05,0.13315692890870306,False,0.05781979486346245,200,72
508,0.8268096626405663,0.795367209411648,1.4587632e-05,0.48944177654429655,False,0.049497295171022415,500,72
509,0.8639400249895877,0.8408105766486558,5.29912e-06,0.6026386020517609,False,0.0565454438328743,1000,72
510,0.8300874635568513,0.7970578761291353,2.808609e-06,0.7901762925951517,False,0.0076747783459723,2000,72
511,0.9048095924798377,0.9006124935997054,0.024761029,4.8697329526856186e-133,True,0.8859377503395081,0,73
512,0.8754428599405367,0.843147507946393,0.00217944,6.602194700210808e-20,True,0.268810510635376,10,73
513,0.8333066282112909,0.7968434412107773,0.00011052902,0.14305220977323677,False,0.1029646247625351,100,73
514,0.8303957699086685,0.7978268703246967,3.84821e-05,0.5155138530508544,False,0.03499411791563034,200,73
515,0.8297882283822038,0.8026959155028218,1.4454528e-05,0.724859521665028,False,0.012410108931362629,500,73
516,0.8453061297156794,0.8230067483537175,4.628963e-06,0.9139139735515974,False,0.03384508192539215,1000,73
517,0.8071934697074898,0.769773286057358,1.3916724e-06,0.8888961440827499,False,0.012447530403733253,2000,73
518,0.8615088760455332,0.847314885538424,0.015068242,5.334068764451198e-85,True,0.626121997833252,0,74
519,0.841099657778559,0.7997369564873144,0.0019515377,9.591756522718962e-24,True,0.27601584792137146,10,74
520,0.8703797520703881,0.8515654881385109,8.458107e-05,0.07202447562390416,False,0.06892192363739014,100,74
521,0.8239575686769159,0.7817494723778254,3.81415e-05,0.2787801562374329,False,0.03281138092279434,200,74
522,0.8407171141737575,0.800689506681664,1.3966787e-05,0.6894132334415235,False,0.02799965813755989,500,74
523,0.8374810020574643,0.8074291546884759,5.7790958e-06,0.834188125945961,False,0.012056992389261723,1000,74
524,0.8408618604026012,0.7978589837686031,7.6423985e-06,0.5230265307673807,False,0.3095819652080536,2000,74
525,0.9373297002724795,0.9252969564817967,0.021377139,6.264293619266582e-111,True,0.8654388785362244,0,75
526,0.9216045853781676,0.9166510798738118,0.0017307437,2.015826536740448e-15,True,0.2884323298931122,10,75
527,0.8692395073094313,0.8461630751620214,0.00016056879,0.025242308092233677,True,0.1246081069111824,100,75
528,0.875231087913638,0.8548867381780576,9.658347e-05,0.0709331835222564,False,0.09362649917602539,200,75
529,0.849178477826697,0.8361100641941486,4.1576735e-05,0.19815837347648763,False,0.099885493516922,500,75
530,0.8578428824922599,0.8519423030402566,1.2975559e-05,0.22546248746854494,False,0.06536518037319183,1000,75
531,0.8524823853469847,0.8371048550419813,4.3318937e-06,0.8566653178093189,False,0.018478015437722206,2000,75
532,0.8979659265667052,0.8888822235083105,0.020536039,8.041393103540245e-113,True,0.7333699464797974,0,76
533,0.8671905036524413,0.8455986866719739,0.001785217,2.5727875394151755e-21,True,0.35534796118736267,10,76
534,0.8511149557862361,0.818045199642269,0.00015115102,0.015611445337267296,True,0.13406842947006226,100,76
535,0.8487721068819685,0.8301505425284675,8.450833e-05,0.139787921491415,False,0.11633753776550293,200,76
536,0.831441032295271,0.8305590591474405,2.0859543e-05,0.029629777772590928,True,0.08264078944921494,500,76
537,0.83236014994233,0.8099916090470201,7.388995e-06,0.49533891444638034,False,0.0723031759262085,1000,76
538,0.8029003267973857,0.788013546725767,3.305757e-06,0.25537970629980405,False,0.01998753286898136,2000,76
539,0.9064135118498,0.8942960937667198,0.018653767,3.3664607422472054e-106,True,0.7595962882041931,0,77
540,0.8911684364419821,0.8802732044917708,0.0019257615,2.1982139329454093e-24,True,0.360153466463089,10,77
541,0.8648766928285626,0.8466466731138951,0.00014829004,0.0015227661798995315,True,0.12595772743225098,100,77
542,0.8703976223453371,0.8570826873659592,5.1405896e-05,0.15620733063978248,False,0.06656664609909058,200,77
543,0.8468182517697753,0.8147153562758394,3.7380036e-05,0.2091697529292238,False,0.10009972751140594,500,77
544,0.8518101723607264,0.8272408804568603,7.2362936e-06,0.7872696687240432,False,0.03749149665236473,1000,77
545,0.8251385041551247,0.7720195190297161,8.991957e-07,0.19775498198920627,False,0.08017601817846298,2000,77
546,0.9010711193796165,0.8857217437289244,0.018872436,5.600287706653229e-106,True,0.7281813025474548,0,78
547,0.8876061448912302,0.864415965393676,0.0020353117,1.0121748003640983e-18,True,0.2738984227180481,10,78
548,0.8377525833962681,0.790786807264356,9.060233e-05,0.011864929369413505,True,0.0922437235713005,100,78
549,0.8455442170605463,0.8112155553568954,3.2392407e-05,0.6183905289608727,False,0.0887933075428009,200,78
550,0.8625642395328703,0.8299627545728161,1.3390652e-05,0.8455156695818684,False,0.04808736592531204,500,78
551,0.8633332719335408,0.84727424079988,5.7023535e-06,0.9485463526770249,False,0.020705996081233025,1000,78
552,0.8521063198806388,0.8117252319088256,2.3072614e-06,0.9788478945561653,False,0.019937358796596527,2000,78
553,0.9004076317466722,0.8942606967789031,0.030080132,1.2648814623088993e-146,True,0.7370803356170654,0,79
554,0.8653439650784771,0.8457770780042837,0.0018719705,1.0768087813827932e-23,True,0.32005083560943604,10,79
555,0.8283177968627488,0.7965823951820113,0.00011195713,0.011280228104072407,True,0.07589797675609589,100,79
556,0.8335312647588828,0.7821686686707152,6.832662e-05,0.0814444169393191,False,0.06186915189027786,200,79
557,0.8396434483169715,0.816732937857234,1.1454141e-05,0.5730321820400268,False,0.047459643334150314,500,79
558,0.8242414793960263,0.7970747101997957,6.609087e-06,0.6523640553701303,False,0.12137895077466965,1000,79
559,0.8458014847149558,0.8206583845065363,3.3155227e-06,0.7610788433916627,False,0.034661270678043365,2000,79
560,0.8929511176215278,0.888435806460533,0.024438446,2.756704070838156e-132,True,0.6821033358573914,0,80
561,0.8570760091145834,0.8311749236843002,0.0014016372,8.802650223548971e-17,True,0.25579217076301575,10,80
562,0.8580593532986112,0.811701131403567,0.00010760838,0.05946710093737627,False,0.10846924036741257,100,80
563,0.85076904296875,0.8163015412069393,6.598769e-05,0.1827558246973919,False,0.07413190603256226,200,80
564,0.8371107313368056,0.8155781650845525,2.1413767e-05,0.43329014016462775,False,0.05186194181442261,500,80
565,0.8446587456597222,0.8150715364331953,1.1780897e-05,0.6363475273667338,False,0.09652485698461533,1000,80
566,0.8547837999131945,0.8086029691266915,4.1401167e-06,0.8525703517705332,False,0.017497282475233078,2000,80
567,0.8843094820658923,0.8573189070260732,0.02621681,1.424422978591088e-135,True,0.781097948551178,0,81
568,0.833347030462415,0.8035352449869235,0.0019215964,4.317441241821709e-24,True,0.3947075605392456,10,81
569,0.8530526335013514,0.8201672943265983,0.00013908792,0.004851330067200048,True,0.08059091120958328,100,81
570,0.8380542771568413,0.804203847748438,4.7767207e-05,0.11072010627192352,False,0.08062033355236053,200,81
571,0.8407617430053328,0.8185096598537933,2.0990783e-05,0.35495588639250275,False,0.04394061490893364,500,81
572,0.8267815399225655,0.7827422272492125,9.102566e-06,0.48707459161132527,False,0.0226273275911808,1000,81
573,0.8110161443494777,0.7747942167104311,3.5976104e-06,0.8082342295297793,False,0.051964182406663895,2000,81
574,0.8788306304331945,0.8540717257328083,0.016335072,7.357080763999522e-88,True,0.5329759120941162,0,82
575,0.8631611147636788,0.8469831534717001,0.0027262138,3.2332486613104093e-13,True,0.3183651864528656,10,82
576,0.8274481335378772,0.7909510580134562,0.00010791926,0.05515784290389224,False,0.08775357902050018,100,82
577,0.8520162174008329,0.8334604965895603,6.428815e-05,0.15912495273083097,False,0.07018926739692688,200,82
578,0.8133492220030681,0.7756710304397242,1.1891278e-05,0.40024323536222994,False,0.05221667140722275,500,82
579,0.8026152385126744,0.7797926933027503,6.3098205e-06,0.8711416165851874,False,0.017468946054577827,1000,82
580,0.8327945795894514,0.7991168824336661,1.9104737e-06,0.7726568976033187,False,0.027929086238145828,2000,82
581,0.8788356734408976,0.8512245843675379,0.029600011,3.866093396727823e-141,True,0.6388875246047974,0,83
582,0.8712582888131225,0.8518644829769653,0.0015468064,5.42098385940144e-22,True,0.29021650552749634,10,83
583,0.8395661628500095,0.7998372781586639,0.00010306274,0.0008035308590543491,True,0.04592593014240265,100,83
584,0.8403983999570459,0.8060726581089868,9.111099e-05,0.0024678519619745634,True,0.10868476331233978,200,83
585,0.8350828210153293,0.7945357489709599,2.0909587e-05,0.17317109847837964,False,0.056563712656497955,500,83
586,0.8113372171064996,0.7852747050110498,6.2645818e-06,0.773847075675391,False,0.017326191067695618,1000,83
587,0.8194985100271149,0.7959786790158949,3.2549428e-06,0.2970818391611328,False,0.12262960523366928,2000,83
588,0.8594591460743642,0.8221012080042271,0.019558068,8.716300466708565e-120,True,0.592377245426178,0,84
589,0.8368548532556881,0.8260938770534711,0.0016450258,1.084533326708801e-21,True,0.29967543482780457,10,84
590,0.8108428457316602,0.7798452531540405,8.377371e-05,0.021365566773625187,True,0.0417444072663784,100,84
591,0.8155002705557989,0.7985648190618003,4.967664e-05,0.08147444479967698,False,0.027406776323914528,200,84
592,0.8210659898477156,0.7937247530777988,1.6128764e-05,0.5169495866192944,False,0.15142112970352173,500,84
593,0.831572573372156,0.8124242562661376,4.959492e-06,0.6991872863825286,False,0.010194712318480015,1000,84
594,0.7767012806307815,0.7553579648511939,2.5594288e-06,0.9044100945469937,False,0.005386095494031906,2000,84
595,0.8908202311536859,0.8807135976421921,0.017766908,1.3433226401299876e-101,True,0.5474101901054382,0,85
596,0.8522100166597251,0.8233557359244217,0.00206325,4.710592670708485e-33,True,0.3295959532260895,10,85
597,0.8295371720116619,0.8039713971688052,9.6196374e-05,0.005205611275998908,True,0.09798324853181839,100,85
598,0.8233548521449394,0.795500276430538,5.0312185e-05,0.016648696177854118,True,0.07897038012742996,200,85
599,0.8562513015410246,0.8295553854620227,2.7552614e-05,0.13599520185665653,False,0.09321092814207077,500,85
600,0.8260620574760517,0.7694387137046368,8.562263e-06,0.5024666214370974,False,0.039942048490047455,1000,85
601,0.809747240733028,0.7669139467821139,2.5759582e-06,0.7883040756238608,False,0.06361213326454163,2000,85
602,0.9099874484489869,0.9103767998455645,0.01556961,3.86803814288944e-78,True,0.5980077981948853,0,86
603,0.8890736303323716,0.8758754528275765,0.0016576619,3.8594340084972074e-13,True,0.3627694845199585,10,86
604,0.8702463038127374,0.8262122366841524,0.000120462486,0.1135440060169066,False,0.09147457778453827,100,86
605,0.836324514646193,0.7996908579044032,5.1554038e-05,0.3117894352679869,False,0.0655905157327652,200,86
606,0.8630902896637164,0.8256714502056828,2.629298e-05,0.537095679913135,False,0.04237759858369827,500,86
607,0.8485609184909885,0.8162967494945534,7.93688e-06,0.8823266726801392,False,0.016544796526432037,1000,86
608,0.8515385158741801,0.8205953469836933,2.8140435e-06,0.9226987398360752,False,0.006691915914416313,2000,86
609,0.8943421316022762,0.8727202730303735,0.026133757,3.090535201701567e-129,True,0.7848153710365295,0,87
610,0.8741814178272184,0.8347276138667771,0.0020208687,6.828387413705227e-23,True,0.31816935539245605,10,87
611,0.8406517200949413,0.8290725346474503,9.532161e-05,0.05442169124227947,False,0.08238671720027924,100,87
612,0.8439188995967857,0.8291833170741714,3.4334993e-05,0.22646088926143723,False,0.13413508236408234,200,87
613,0.8345391632588864,0.8017852329531648,1.4565985e-05,0.6898327558955716,False,0.007742576766759157,500,87
614,0.8016814893191112,0.7520414678459296,6.206477e-06,0.7261554639080419,False,0.013887433335185051,1000,87
615,0.8396436844061884,0.8058675361408981,3.8377607e-06,0.869047012932906,False,0.014870847575366497,2000,87
616,0.8838163900582249,0.8723290850005982,0.018919721,7.419997052392342e-115,True,0.6661043167114258,0,88
617,0.8742036418767439,0.8591095360427117,0.0018202746,5.1101925274223556e-17,True,0.2931463420391083,10,88
618,0.8371397235528458,0.806935346388941,0.0001268968,0.08741893068838247,False,0.10455096513032913,100,88
619,0.83622441573523,0.8092622255850983,7.034594e-05,0.2709735148109547,False,0.07522241026163101,200,88
620,0.8290713053015274,0.8120974977149826,2.2958911e-05,0.6465039547577183,False,0.0425175316631794,500,88
621,0.8151199174206869,0.7836296754094112,6.25217e-06,0.8474737138952928,False,0.02378103882074356,1000,88
622,0.7768705343462203,0.7400783261461548,2.203546e-06,0.4213402968292477,False,0.05057092383503914,2000,88
623,0.9164627257485977,0.9097254009635717,0.034605164,1.549750650036108e-187,True,0.7937985062599182,0,89
624,0.899170292587969,0.8813423543279253,0.0020501013,5.025884888779956e-18,True,0.25722989439964294,10,89
625,0.8680900260539327,0.8346173992468706,0.00015019077,0.04419359888697119,True,0.0685349777340889,100,89
626,0.8731196537560812,0.8563030539103031,4.03189e-05,0.5094053516741306,False,0.041099172085523605,200,89
627,0.8450136857256729,0.7986350752309574,1.0319051e-05,0.6795887186790515,False,0.04097205772995949,500,89
628,0.8475449685607097,0.8058265454204849,1.038095e-05,0.8802542119970205,False,0.0048581198789179325,1000,89
629,0.8441671799500002,0.8097032323625675,3.624807e-06,0.8426491822805546,False,0.0366133414208889,2000,89
630,0.9032518163710932,0.8883441340022844,0.02737204,5.226376693814586e-139,True,0.6867894530296326,0,90
631,0.8694392022349973,0.8449761359054837,0.0013857536,8.632426744247093e-23,True,0.2517625391483307,10,90
632,0.8498873348704026,0.8148080632636245,6.5798005e-05,0.051012861437143224,False,0.043292708694934845,100,90
633,0.8665016278694742,0.8380998499758816,3.5049517e-05,0.18838670293907112,False,0.030523978173732758,200,90
634,0.8485972428641786,0.8118646157927913,1.1282706e-05,0.5447835211300041,False,0.01812692917883396,500,90
635,0.8667282656543512,0.8414057578211932,1.0092318e-05,0.5556720031337954,False,0.05244828760623932,1000,90
636,0.8004410719967224,0.7619330868968813,6.188839e-06,0.571773272924473,False,0.04771091416478157,2000,90
637,0.9006060481972114,0.8942258214642242,0.017507598,2.8802709453452463e-100,True,0.8164657950401306,0,91
638,0.8771319178558997,0.8518422420404587,0.0022689272,3.5731072740428483e-19,True,0.3323185443878174,10,91
639,0.8284074855142195,0.8038419905959717,0.00010297045,0.035874115488983886,True,0.15221960842609406,100,91
640,0.8598718289961303,0.8233484144859178,4.5131957e-05,0.15685485193882667,False,0.10807166248559952,200,91
641,0.8127904834053357,0.7703201706226451,1.4120561e-05,0.5449102216834091,False,0.058256156742572784,500,91
642,0.8414088573125038,0.8353253779859608,8.129525e-06,0.17729662822999787,False,0.16869351267814636,1000,91
643,0.7936569685305378,0.7505000787896777,2.8030713e-06,0.6968902441621383,False,0.025075143203139305,2000,91
644,0.9160692617623656,0.9011960845500275,0.015244481,1.3070014978339906e-90,True,0.6204254031181335,0,92
645,0.8926579507361492,0.882048796796189,0.0018705684,5.63187670390614e-18,True,0.30693161487579346,10,92
646,0.8547576954513212,0.8446749105974052,7.272938e-05,0.15440867247705017,False,0.10268348455429077,100,92
647,0.8583871327805163,0.8357354804565146,3.6813493e-05,0.5211566948809341,False,0.05484295263886452,200,92
648,0.8539547544548822,0.8139277257869078,1.3817312e-05,0.8190707809612607,False,0.045706599950790405,500,92
649,0.8608571665184406,0.8568330540175191,7.85658e-06,0.9112875044224736,False,0.020691586658358574,1000,92
650,0.8407224308588589,0.8161348869994277,3.4054904e-06,0.9631080704470953,False,0.01955137960612774,2000,92
651,0.9068405139833712,0.8958949234665138,0.015213731,1.3341521328525339e-100,True,0.7662234902381897,0,93
652,0.8639298311917358,0.8557448415902538,0.0024741946,2.9485604092827853e-15,True,0.36105430126190186,10,93
653,0.8572255291005292,0.826266632220269,0.00010130998,0.2674616240227322,False,0.08742804825305939,100,93
654,0.8636700050390527,0.8526063095917609,3.7884925e-05,0.5747867179716204,False,0.05275198444724083,200,93
655,0.86381960191484,0.8432935891234926,9.3073795e-06,0.937908979352825,False,0.01946297287940979,500,93
656,0.8283612055933485,0.7986168022177369,8.230244e-06,0.9444046296729083,False,0.01735609956085682,1000,93
657,0.804980788611741,0.7847444584259919,1.9673632e-06,0.7503027240041807,False,0.009401237592101097,2000,93
658,0.8649467455621302,0.8456695740377961,0.019505817,3.747696134942893e-101,True,0.767275333404541,0,94
659,0.8908781065088758,0.8935360006962532,0.0031281903,7.1289266641996225e-37,True,0.3929528594017029,10,94
660,0.839839053254438,0.8218683514040291,0.00015465112,3.1575010931546326e-05,True,0.1872161626815796,100,94
661,0.8353230769230768,0.8071301739897732,9.3892755e-05,0.00044698095084110695,True,0.14434145390987396,200,94
662,0.83861775147929,0.8247573697589922,2.3629233e-05,0.05281724953162205,False,0.10961402952671051,500,94
663,0.8229112426035503,0.7966004893942938,6.927721e-06,0.2937958138542094,False,0.020399291068315506,1000,94
664,0.8181301775147929,0.790722189111214,4.340992e-06,0.2822183007712782,False,0.03906581550836563,2000,94
665,0.8629986947910296,0.8451657862075493,0.021487487,6.067672403426801e-122,True,0.7875093221664429,0,95
666,0.8544372541324011,0.8090933194395483,0.001858927,9.282897492983381e-17,True,0.300942599773407,10,95
667,0.8297569390567812,0.8093378563656458,0.00020393143,0.006161369368810067,True,0.13659259676933289,100,95
668,0.8377159755752503,0.8176484215407218,9.527145e-05,0.0894050669900703,False,0.06931721419095993,200,95
669,0.833197944524055,0.8275848170902476,2.7679736e-05,0.3260351814425976,False,0.03035537339746952,500,95
670,0.7844123365066037,0.7521139504413141,1.47084e-05,0.5212885888545569,False,0.019601359963417053,1000,95
671,0.809685928386926,0.8064641803163808,4.7698963e-06,0.8541648198658285,False,0.03673325479030609,2000,95
672,0.8737375052061642,0.8570643543656264,0.025427112,6.121316159545415e-129,True,0.8983843326568604,0,96
673,0.8780781445231154,0.8752197387223128,0.0019155203,1.828832056503554e-16,True,0.2511522173881531,10,96
674,0.838524312786339,0.8192185532828216,0.00014288432,0.09466770524185628,False,0.08823961764574051,100,96
675,0.8332595793419408,0.8104741177757804,5.0816103e-05,0.4449777449982114,False,0.06265692412853241,200,96
676,0.828411339025406,0.8106630435839505,1.9638866e-05,0.7738805529491345,False,0.042446691542863846,500,96
677,0.8376392648896294,0.8027300892404925,7.188174e-06,0.937049547644644,False,0.01359369233250618,1000,96
678,0.818643273635985,0.7882533738721513,4.2221454e-06,0.9626638435408398,False,0.018778100609779358,2000,96
679,0.8927795722878148,0.8682651432774602,0.016342163,5.312302724658472e-91,True,0.589650571346283,0,97
680,0.8526815549120071,0.8431232651486107,0.0013554781,7.033872529742206e-25,True,0.2843598425388336,10,97
681,0.8203942971708621,0.7800740419537893,9.796156e-05,0.002323341206849209,True,0.09022070467472076,100,97
682,0.8563989752728892,0.8372588728731589,4.7156387e-05,0.04822532569775079,True,0.06672455370426178,200,97
683,0.8619820672755625,0.8385451091148763,1.9055084e-05,0.30030751518688337,False,0.03047903999686241,500,97
684,0.8287619737135219,0.8171494414963346,1.2604262e-05,0.18566376702320941,False,0.06418107450008392,1000,97
685,0.8221625083537536,0.8008463292957475,4.6057276e-06,0.7098080006932139,False,0.009241078048944473,2000,97
686,0.8770585258896947,0.8564109596511139,0.0217378,6.06444851232869e-109,True,0.788261890411377,0,98
687,0.8587890032045876,0.8371361804793337,0.0017581121,3.1346081764734246e-22,True,0.2877488434314728,10,98
688,0.8093236633496375,0.7893504910238948,8.807991e-05,0.0037080852135139724,True,0.07355109602212906,100,98
689,0.8408837915331422,0.8153494177554359,6.1407736e-05,0.10897333273156963,False,0.05415213108062744,200,98
690,0.8396019564850733,0.8223974315695458,2.0410473e-05,0.4732469068859978,False,0.04174254462122917,500,98
691,0.8287873165795244,0.8048935589758494,8.441424e-06,0.6709866583983335,False,0.01170191541314125,1000,98
692,0.8240175409006577,0.7967965016692082,3.1227466e-06,0.8750645359030085,False,0.015871521085500717,2000,98
693,0.9097914187983344,0.8768338751479322,0.019380681,6.542694465727119e-101,True,0.8697282671928406,0,99
694,0.8693021267102915,0.8514375649943466,0.0027083657,1.9245193998266635e-39,True,0.44391393661499023,10,99
695,0.8442705234979179,0.8093952877126399,0.00020846236,4.329730117808081e-06,True,0.17121967673301697,100,99
696,0.8571999553837002,0.8388737959274558,5.0015824e-05,0.05405092762087435,False,0.07537724822759628,200,99
697,0.8485462522308149,0.8052314230480353,1.8476961e-05,0.34233918336211927,False,0.056694794446229935,500,99
698,0.8451535544318858,0.8184295217241655,6.8120567e-06,0.6567526903487744,False,0.02679644525051117,1000,99
699,0.8589753123140987,0.8372737780560541,2.6012574e-06,0.8021921425065577,False,0.015444166958332062,2000,99
